Tratamiento,Nombre,Apellido
CAC.,Luis,Flores
CAC.,Carlos,Flores
CAC.,Luis,Flores
CAC.,Carlos,Flores
DAC.,Elena,Flores
DAC.,Sofía,Flores
DAC.,Ana,Flores
CAC.,Antonio,García
CAC.,José,García
DAC.,Sofía,García
DAC.,Ana,García
DAC.,Sofía,García
DAC.,Ana,García
DAC.,María,García
DAC.,Lucía,García
DAC.,María,García
CAC.,Miguel,González
CAC.,Jorge,González
CAC.,Jorge,González
CAC.,Luis,González
CAC.,Antonio,González
CAC.,Jorge,González
CAC.,José,González
DAC.,María,González
CAC.,Antonio,Hernández
CAC.,Miguel,Hernández
DAC.,Elena,Hernández
DAC.,Elena,Hernández
CAC.,Jorge,López
CAC.,José,Martínez
CAC.,Miguel,Pérez
DAC.,Elena,Pérez
DAC.,María,Pérez
DAC.,Ana,Pérez
DAC.,Lucía,Pérez
DAC.,Laura,Ramírez
DAC.,José,Ramírez
CAC.,Luis,Sánchez
CAC.,Carlos,Sánchez
DAC.,Lucía,Sánchez
DAC.,Laura,Sánchez
DAC.,Lucía,Sánchez
CAC.,Miguel,Torres
CAC.,José,Torres
DAC.,María,Torres
DAC.,Lucía,Torres
DAC.,Elena,Torres
DAC.,María,Torres
DAC.,María,Torres
DAC.,Sofía,Torres